{"cameraMode":{"drawMode":0,"name":"Shaded","section":"Shading Mode"},"sceneLighting":true,"audioPlay":false,"sceneViewState":{"m_AlwaysRefresh":false,"showFog":true,"showSkybox":true,"showFlares":true,"showImageEffects":true,"showParticleSystems":true,"showVisualEffectGraphs":true,"m_FxEnabled":true},"in2DMode":false,"pivot":{"x":-0.08870053291320801,"y":-0.2613207697868347,"z":0.3680049180984497},"rotation":{"x":-0.15269845724105836,"y":0.8290425539016724,"z":-0.2731815576553345,"w":-0.46340471506118777},"size":0.8660253882408142,"orthographic":false}